{"file_hashes":[{"block_hashes":["LkVXjdpdol+IAVp7Th2iIU+sfpMth9/6MDIWIE/0a30=","voZjTaHp/n+dhYSaQAD1jg9PQaWtajznWGfNOBQRKoA=","WCMGt2OWYcpbHy7hNzat6772H8CudXG5OcJrqhCXV3o=","BhLlGAZZJaUdRnO6ebM3u2fMGF9aCCKatDn7o1/dUBU=","nmyBIL6EZvCHMbeuF+QAPa8OwvVba8ANGLnSHnI9L4c=","l6mDUW3xQuMs85bBqY/xrbO0rFljI4uMMdskGrmjOZ4=","y/VEJr0y9j2HhwIBSXYQDdFckxor4Q4howX7Q731Vg8=","m+eZMhHElgdYnPylvaQAW28FiaVyuBMtFFW3PooWvJo=","oaQPCMiksRYPS5OpfoK5oM8XxkkQ6wsagRPZjBGtFjQ=","sV5b4HWxGaVaI5nAtg0gizMjVuN3kwPXxPZjAwW1tkE=","QwYTyyjIjiIs3n0Mqm/PZt5ArlzVt2P4MN4ceDlzjL0=","1iwW2jspVUezSqbSXrW19M6L2lnQQ259hkSw3hlJuJQ=","zuYWTTVz7os7x+Hla7Q0rE7xDC3YFYYgf47LT79aqwY=","H5BseCi1zPDUsaXT52fPuOTxSaO8yc59Wxth70u1iFk=","JDvFXiUKiWKcLKI8m1YcnidZ84zstvEEMfhGWvGniYg=","xAwNZKPnuvK4KG4aCM2ylU2dItsDe0CLF6lger5TbK8=","OPx3rGmOARtsrJPeD7qJrnufuSUXSxJP/TmY/ErJKUk=","0DcmaWXMtNjvz9Pb+4UiuLo5AUnLsi7lJU2l4NWc/cI=","aZEM1GB8NEmAe/G1UIhlyBnZp86KkEVNhJ0xcB4//do=","zDC/ag0p30YVBCXw5R4/XCkPIYGe8hgRmzsKxTYEpBg=","T+Pb3CvOqyXJrZkaqMKwJeXQjXijr883MFRIM/85TTc=","fGVoTpngSAZUUgOFpBX8ydLfkKgwRNZqR5yTrksbvW0=","w0kqEiFWN62Faq417a25Sq0qZTbhaKCFy0JCyBzoWeI="],"block_size":4096,"path":"assets/fonts/Manrope/Manrope-Light.ttf"},{"block_hashes":["4b2OLt2RJNTieqbekgTINBaE09VU6RC7hkbc69IwZPI="],"block_size":4096,"path":"assets/images/coins.png"},{"block_hashes":["sxs5+g6YZXC+FuYXoUOKXDhEfcyJsUyEfykt7cUD6Wc=","5f1ZEBBFqVe2V+7oLX4uKCr/mzJj+2D9PPh+goDK3s4="],"block_size":4096,"path":"assets/images/loader.gif"},{"block_hashes":["FyT0RpUs/2Ws3DHflRSfrEpTo0sY7cbv2z9PvvZWIGQ=","dE46HNJZcLQoKDUTa4K8eyp6LsalLsD46TBCuz0AbfY="],"block_size":4096,"path":"assets/images/loader_dark.gif"},{"block_hashes":["Oks1wWuoz2rLS//PL9mgpUNIfMUpbWIWF9hqBCubsHg="],"block_size":4096,"path":"assets/images/logo.svg"},{"block_hashes":["83ThZA6o31pZ+j7uh78p+l/oRqRvaAJoo70s9jBLNSI="],"block_size":4096,"path":"assets/images/logout.png"},{"block_hashes":["vwwucaRMfYKLoDyNtV3hpUZTYq8VGpWjnyk8FsOg/ds="],"block_size":4096,"path":"background/background.js"},{"block_hashes":["gSxBVdMycSCBrs+HS7r/4UZqBvg1KFKZZLVzZmjTX1g=","NyE5dTk9M1jroz9nLIZUN1RB2/omW1YlwJOqaiSh0lc="],"block_size":4096,"path":"common/api.js"},{"block_hashes":["pIlmeBfHwUITeAfUDvKRvgD6l7nwdcEmeVQ1WXmncpU="],"block_size":4096,"path":"common/config.js"},{"block_hashes":["OiDQU1neWP5qWcOPKpQzA1z0TIgbbu1pcZWi5aKXu9w="],"block_size":4096,"path":"common/i18n.js"},{"block_hashes":["dB7mrqg4cehpsnbZ+FiUiXkK+ZpifhLK6idbEhcUSyo="],"block_size":4096,"path":"content/captcha/arkoselabs/hunter.js"},{"block_hashes":["7hNTBEgdh3ruaYqNCOeedknZ10KfLHmvFwmiozjYGxs="],"block_size":4096,"path":"content/captcha/arkoselabs/interceptor.js"},{"block_hashes":["sLVQ5P7BFHc8eHtMZnu/Sn6WBwPuL3JCOUDo1qawcyM="],"block_size":4096,"path":"content/captcha/arkoselabs/processor.js"},{"block_hashes":["fpBldE2nGGPM9C/7QprSSfUI1NwvOCzY9/jmK9QoEyU="],"block_size":4096,"path":"content/captcha/geetest/interceptor.js"},{"block_hashes":["kkA7+qxWagZEG7R2ulIkPQyvOf4vd8TCKjREBbnVvnY="],"block_size":4096,"path":"content/captcha/geetest/processor.js"},{"block_hashes":["rE6SayqTuSMTj0RS3cHEMgQeqeokMg6s+CJMBhK/NMA="],"block_size":4096,"path":"content/captcha/hcaptcha/hunter.js"},{"block_hashes":["8p/uUycaKHuUCJUCgD6CYI7N15GryOpH0UbcuDyn6Z8="],"block_size":4096,"path":"content/captcha/hcaptcha/interceptor.js"},{"block_hashes":["omRTEjJyG8DpsKvlZorCA3/D2JDQx4dD3mug/C+EZJQ="],"block_size":4096,"path":"content/captcha/hcaptcha/processor.js"},{"block_hashes":["ypVzrbAsR6t1vwmAQR4kxefiMxB/n8K0WWfUn6YViP4="],"block_size":4096,"path":"content/captcha/keycaptcha/hunter.js"},{"block_hashes":["rtx/TZBx/uBUFAng+8d4JFq16l+HIRL/kKB5H2kgT+E="],"block_size":4096,"path":"content/captcha/keycaptcha/processor.js"},{"block_hashes":["iM6vTIiH/HhBmJKeQ4UU5xzcnU942oTeES42B/8Cxhg=","vEuETvOsTi1jVy4qDbHC3IX0t+UTSE+Vln/aWTI2S3Y="],"block_size":4096,"path":"content/captcha/recaptcha/hunter.js"},{"block_hashes":["NjtR//xo9UgVeGMcr+2UKmnlc+jqp1DrSLoRf5c6t/M=","23aEOig439n8H/T1nWdPPhB9Kufc6Bq1jhUnGXvsEOY="],"block_size":4096,"path":"content/captcha/recaptcha/interceptor.js"},{"block_hashes":["c5O3BYheW10CBk3kpaPg7nVR1QK+TtzKemBFpBLooP8="],"block_size":4096,"path":"content/captcha/recaptcha/processor.js"},{"block_hashes":["c2jQ0jEekoBPCI333G6b83O/cqXd3j6BQtfzARO08pI=","2J7oohzqfCOyqYek1NK4F39mWPkgyy8fbQHsiC5pXgA=","e+6bv7XUfoPMBjUFpidyWJydxgUwpkMKMUqTD8n/Zp4="],"block_size":4096,"path":"content/script.js"},{"block_hashes":["kVLqucxl9VD/ztekZ8Jfc4OM23nQa3rDkrdv4fJEKVE="],"block_size":4096,"path":"content/style.css"},{"block_hashes":["oE+3o0QcGVjcjzqdExAJBRPRS3fH1F+uNiKIXJondWs=","UKGRbRqibbzHYavBFSMA/FBxxu3fEMoRj/6J0H4biZI="],"block_size":4096,"path":"options/options.css"},{"block_hashes":["A0T2F65lnb5PJUY3OyDZxmNBajz7RGMu/Sq+3Cte7dg=","LFXgU/sjIwGkqX4zRIXrv/1MT9uFK3WYE6q3sYeJzsk=","YFqCDK879d8nj9Eq4buoGWUdwCDpycVavoGfUcKyB5I=","54nnVwiQ20xv0A4rsSWE/mVhoeKul9DlmafnrD6raCs="],"block_size":4096,"path":"options/options.html"},{"block_hashes":["OC8FBYAW7LB9ELlaxCxQRRYbJJyuBCyrO5NlwmLfKJg="],"block_size":4096,"path":"options/options.js"},{"block_hashes":["3HI2xUBHWm13du+palzNiUD0ZRomGn27t+Wc0NaBoKM=","wSnE94b5MzjVENvvTTRRHJQAAYKF6MCbIXzyz+1Epy4="],"block_size":4096,"path":"popup/popup.css"},{"block_hashes":["/zyHKL8hrrU4BXy48eVHoVHq2VsbPPZ1V9MFdniFFAw=","PzZTwcUk3PvDDh40IzzNqfgd0D64ktxBsSBr+jeNAJw=","AATv2DuHpUFObrTfLZI8iOkdbv+H2U/iPjQe6rJDSEw="],"block_size":4096,"path":"popup/popup.html"},{"block_hashes":["c/Z/HTgqCcn6IgxhJOo/WhNHkNJoUg8oNnrbEjw1ShA="],"block_size":4096,"path":"popup/popup.js"},{"block_hashes":["LJkGtLvjcxgF0zUTTaJW0ejGjAgP14CSAyqZz4Y4yas=","j9rYg/QuixLuVHW281Rwr3TtIn/twiNbNcMhHMpsvTY=","pCiDs8/ytQRefSF/AiYcwqNUL6xw3qG244opQhEAMm0=","Xn+0o2rJoge7YXaJH8EAp+dd9B2dzCvj+ga6p2Ybmu4=","OEFs0g/1z6vCL94KtOfa61azCdevZIAn3/6+6/We2EI=","+aJhgyGJTGflX4vOY/HjUVU1pfBlPkUxPHQK89ymgHw=","jZI/4DDY8EnEGXJOLBbo7bA63eb4blREyGZCg6lwc3I=","48pFvclcB3UctEpjMY4CySyvhRfutnXZpqmKTjtO2i4=","z9EoDSL5HUeKJ5+SumAgwnfF64FzfTBpXKWUAGUR0RM=","PaaMJ76XjLFEpEv8k3CjjbmwsTTG8vyWeo4hSDHdw9s=","aFM0MnulaOaOTthKUBXcMlKp51Il8d1eWYKYbegH7II=","2xVCJqZB+Zkboh+qff4LG38SgDwOBemqX21Ni+sGxfA=","FgHYJvsFAQHfVx2Ccu61W1MdOIgSuJbYU8YuyNyITa8=","Le5w8I6EFmxz3wKLsbju+lIZZ/iI7O+tmJNXYi+3B7w=","Ce1cZdd/ImxMZUr3hnqJoNYE9RhZpIAIf36fgUdmXJ4=","ZFdZJCBGLXunOAag9Pw1GWyGbdhkUSSz3n1lbnCqfqA=","arG17w4tSzFrIoLQ+NnsoYWyLywdaYbC6GCt09lkqx0=","KznBBXZKY5pTAmRK8P3oUQr+eNKEJFn9bv9oxjYbIVE=","qOk0krTw6a8HMuDwDO1juXtErtw3NihuZqA4U9sL6dw=","GuFQwVK7H0G0EPofRgCsCc/wR2Kr9oqWltxSttqnKW4=","rNsHkY++wIYDsCJEWNjObXE80yNtSQfMxNm66pXEDTs=","TpGwZkRAZ1KrPy+Ueq6bWMSmrloq16ktW96zJjqo+Qg="],"block_size":4096,"path":"vendor/jquery/3.5.1/jquery.min.js"}],"version":2}